{
    "Objects": [
        {
            "name": "Tripod",
            "pos": [
                6607.23291015625,
                361.0753479003906,
                9054.060546875
            ],
            "ypr": [
                -34.559261322021487,
                90.0,
                0.00010427406232338399
            ],
            "scale": 1.0
        },
        {
            "name": "TacticalBaconCan",
            "pos": [
                6607.20166015625,
                360.35430908203127,
                9049.24609375
            ],
            "ypr": [
                -21.169479370117189,
                -0.0,
                -0.0
            ],
            "scale": 1.0
        },
        {
            "name": "bldr_TacticalBaconCan",
            "pos": [
                6607.50146484375,
                360.345458984375,
                9049.107421875
            ],
            "ypr": [
                -18.359203338623048,
                -0.0,
                -0.0
            ],
            "scale": 1.0
        },
        {
            "name": "CanOpener",
            "pos": [
                6606.91064453125,
                360.4765319824219,
                9049.3173828125
            ],
            "ypr": [
                71.64080047607422,
                89.97201538085938,
                -0.000049632551963441077
            ],
            "scale": 1.0
        },
        {
            "name": "Canteen",
            "pos": [
                6607.05126953125,
                360.48175048828127,
                9048.9072265625
            ],
            "ypr": [
                -18.359203338623048,
                -0.0,
                -0.0
            ],
            "scale": 1.0
        },
        {
            "name": "Canteen",
            "pos": [
                6607.439453125,
                360.4886779785156,
                9048.92578125
            ],
            "ypr": [
                -18.359203338623048,
                -0.0,
                -0.0
            ],
            "scale": 1.0
        },
        {
            "name": "PurificationTablets",
            "pos": [
                6607.06884765625,
                360.37371826171877,
                9049.4736328125
            ],
            "ypr": [
                -178.3590087890625,
                -90.0,
                -0.00010427406232338399
            ],
            "scale": 1.0
        },
        {
            "name": "Pliers",
            "pos": [
                6602.45556640625,
                360.4088134765625,
                9052.5791015625
            ],
            "ypr": [
                161.64068603515626,
                90.0,
                179.99989318847657
            ],
            "scale": 1.0
        },
        {
            "name": "DryBag_Green",
            "pos": [
                6606.21484375,
                360.5965576171875,
                9048.875
            ],
            "ypr": [
                5.140927314758301,
                -90.0,
                -0.00010427406232338399
            ],
            "scale": 1.0
        },
        {
            "name": "PetrolLighter",
            "pos": [
                6607.76220703125,
                360.37567138671877,
                9049.599609375
            ],
            "ypr": [
                165.41082763671876,
                -89.66720581054688,
                -179.99989318847657
            ],
            "scale": 1.0
        },
        {
            "name": "Scout",
            "pos": [
                6605.771484375,
                360.51171875,
                9048.9384765625
            ],
            "ypr": [
                115.64082336425781,
                89.90308380126953,
                179.99989318847657
            ],
            "scale": 1.0
        },
        {
            "name": "Mag_Scout_5Rnd",
            "pos": [
                6605.64501953125,
                360.5265808105469,
                9049.001953125
            ],
            "ypr": [
                161.64068603515626,
                90.0,
                179.99989318847657
            ],
            "scale": 1.0
        },
        {
            "name": "Mag_Scout_5Rnd",
            "pos": [
                6605.80224609375,
                360.503662109375,
                9049.16015625
            ],
            "ypr": [
                161.64068603515626,
                90.0,
                179.99989318847657
            ],
            "scale": 1.0
        },
        {
            "name": "Rope",
            "pos": [
                6600.5185546875,
                360.3298034667969,
                9047.6181640625
            ],
            "ypr": [
                161.64068603515626,
                90.0,
                179.99989318847657
            ],
            "scale": 1.0
        },
        {
            "name": "Rope",
            "pos": [
                6600.32958984375,
                360.28753662109377,
                9047.5537109375
            ],
            "ypr": [
                161.64068603515626,
                90.0,
                179.99989318847657
            ],
            "scale": 1.0
        },
        {
            "name": "AmmoBox_556x45_20Rnd",
            "pos": [
                6605.99072265625,
                360.5166931152344,
                9048.58984375
            ],
            "ypr": [
                161.64068603515626,
                90.0,
                179.99989318847657
            ],
            "scale": 1.0
        },
        {
            "name": "ACOGOptic_6x",
            "pos": [
                6606.24462890625,
                360.57659912109377,
                9048.7802734375
            ],
            "ypr": [
                71.64082336425781,
                90.0,
                0.00010427406232338399
            ],
            "scale": 1.0
        },
        {
            "name": "ConstructionHelmet_Lime",
            "pos": [
                6605.359375,
                360.1775207519531,
                9048.58984375
            ],
            "ypr": [
                152.9755401611328,
                -89.97201538085938,
                179.99989318847657
            ],
            "scale": 1.0
        },
        {
            "name": "WorkingGloves_Yellow",
            "pos": [
                6605.138671875,
                360.1557312011719,
                9048.9404296875
            ],
            "ypr": [
                -39.16356658935547,
                0.0,
                0.0
            ],
            "scale": 0.9999999403953552
        },
        {
            "name": "WorkingBoots_Brown",
            "pos": [
                6605.30029296875,
                360.17462158203127,
                9049.072265625
            ],
            "ypr": [
                -18.359203338623048,
                -0.0,
                -0.0
            ],
            "scale": 1.0
        },
        {
            "name": "HuntingKnife",
            "pos": [
                6601.76025390625,
                360.3766784667969,
                9052.771484375
            ],
            "ypr": [
                -18.35919952392578,
                90.0,
                -0.00010427406232338399
            ],
            "scale": 1.0
        },
        {
            "name": "CombatKnife",
            "pos": [
                6601.85400390625,
                360.39349365234377,
                9052.802734375
            ],
            "ypr": [
                128.5887451171875,
                89.87026977539063,
                179.99989318847657
            ],
            "scale": 1.0
        },
        {
            "name": "FenceKit",
            "pos": [
                6605.80810546875,
                360.7064514160156,
                9053.587890625
            ],
            "ypr": [
                -18.359222412109376,
                -89.77882385253906,
                -0.00010427392408018932
            ],
            "scale": 0.999999463558197
        },
        {
            "name": "WatchtowerKit",
            "pos": [
                6605.58837890625,
                360.7088317871094,
                9053.619140625
            ],
            "ypr": [
                -18.35919952392578,
                90.0,
                -0.00010427406232338399
            ],
            "scale": 1.0
        },
        {
            "name": "ShelterKit",
            "pos": [
                6605.20654296875,
                360.70849609375,
                9053.4931640625
            ],
            "ypr": [
                -18.35919952392578,
                90.0,
                -0.00010427406232338399
            ],
            "scale": 1.0
        },
        {
            "name": "TerritoryFlagKit",
            "pos": [
                6606.1875,
                360.7087097167969,
                9053.712890625
            ],
            "ypr": [
                -18.35919952392578,
                90.0,
                -0.00010427406232338399
            ],
            "scale": 1.0
        },
        {
            "name": "Screwdriver",
            "pos": [
                6602.32861328125,
                360.3763732910156,
                9052.958984375
            ],
            "ypr": [
                -18.35919952392578,
                90.0,
                -0.00010427406232338399
            ],
            "scale": 1.0
        },
        {
            "name": "Bear_Beige",
            "pos": [
                6608.912109375,
                360.15155029296877,
                9049.8134765625
            ],
            "ypr": [
                159.27566528320313,
                -0.0,
                -0.0
            ],
            "scale": 0.9999998807907105
        },
        {
            "name": "Flag_Chernarus",
            "pos": [
                6602.89892578125,
                360.1174621582031,
                9052.830078125
            ],
            "ypr": [
                71.64079284667969,
                0.09999995678663254,
                0.0
            ],
            "scale": 1.0
        },
        {
            "name": "Flag_Cannibals",
            "pos": [
                6606.85302734375,
                361.0554504394531,
                9053.6171875
            ],
            "ypr": [
                71.64079284667969,
                0.0,
                0.0
            ],
            "scale": 1.0
        },
        {
            "name": "BandageDressing",
            "pos": [
                6604.8701171875,
                360.4076232910156,
                9048.3095703125
            ],
            "ypr": [
                -30.342864990234376,
                -0.0,
                -0.0
            ],
            "scale": 1.0
        },
        {
            "name": "BandageDressing",
            "pos": [
                6604.89892578125,
                360.4021911621094,
                9048.6474609375
            ],
            "ypr": [
                -18.359203338623048,
                -0.0,
                -0.0
            ],
            "scale": 1.0
        },
        {
            "name": "TetracyclineAntibiotics",
            "pos": [
                6604.69482421875,
                360.3766784667969,
                9048.6865234375
            ],
            "ypr": [
                161.6407928466797,
                -90.0,
                179.99989318847657
            ],
            "scale": 0.9999999403953552
        },
        {
            "name": "CharcoalTablets",
            "pos": [
                6604.6640625,
                360.37249755859377,
                9048.1494140625
            ],
            "ypr": [
                -18.35917091369629,
                -90.0,
                -0.00010427406232338399
            ],
            "scale": 1.0
        },
        {
            "name": "PainkillerTablets",
            "pos": [
                6604.4736328125,
                360.41265869140627,
                9048.4033203125
            ],
            "ypr": [
                -11.060542106628418,
                -90.0,
                -0.00010427406232338399
            ],
            "scale": 1.0
        },
        {
            "name": "Shovel",
            "pos": [
                6600.4921875,
                361.12548828125,
                9051.5068359375
            ],
            "ypr": [
                -18.35919952392578,
                90.0,
                -0.00010427406232338399
            ],
            "scale": 1.0
        },
        {
            "name": "WoodenLog",
            "pos": [
                6606.54931640625,
                360.0940246582031,
                9055.6533203125
            ],
            "ypr": [
                -18.359508514404298,
                0.0,
                0.0
            ],
            "scale": 1.0
        },
        {
            "name": "WoodenLog",
            "pos": [
                6606.73291015625,
                360.0941162109375,
                9055.6796875
            ],
            "ypr": [
                -18.359508514404298,
                0.0,
                0.0
            ],
            "scale": 1.0
        },
        {
            "name": "WoodenLog",
            "pos": [
                6606.87548828125,
                360.093994140625,
                9055.771484375
            ],
            "ypr": [
                -18.359508514404298,
                0.0,
                0.0
            ],
            "scale": 1.0
        },
        {
            "name": "WoodenLog",
            "pos": [
                6607.0576171875,
                360.0941162109375,
                9055.7958984375
            ],
            "ypr": [
                -18.359508514404298,
                0.0,
                0.0
            ],
            "scale": 1.0
        },
        {
            "name": "WoodenLog",
            "pos": [
                6605.6943359375,
                360.09405517578127,
                9055.373046875
            ],
            "ypr": [
                -18.359508514404298,
                0.0,
                0.0
            ],
            "scale": 1.0
        },
        {
            "name": "WoodenLog",
            "pos": [
                6605.87646484375,
                360.0941467285156,
                9055.3974609375
            ],
            "ypr": [
                -18.359508514404298,
                0.0,
                0.0
            ],
            "scale": 1.0
        },
        {
            "name": "WoodenLog",
            "pos": [
                6605.97998046875,
                360.0942077636719,
                9055.470703125
            ],
            "ypr": [
                -18.359508514404298,
                0.0,
                0.0
            ],
            "scale": 1.0
        },
        {
            "name": "Land_Mil_Tent_Big2_1",
            "pos": [
                6604.5712890625,
                361.5234375,
                9050.9638671875
            ],
            "ypr": [
                -18.359203338623048,
                0.0,
                0.0
            ],
            "scale": 1.0
        },
        {
            "name": "PileOfWoodenPlanks",
            "pos": [
                6603.64794921875,
                359.33258056640627,
                9046.443359375
            ],
            "ypr": [
                -18.359203338623048,
                0.0,
                0.0
            ],
            "scale": 1.0
        },
        {
            "name": "PileOfWoodenPlanks",
            "pos": [
                6607.73095703125,
                359.33233642578127,
                9047.7978515625
            ],
            "ypr": [
                -18.359203338623048,
                0.0,
                0.0
            ],
            "scale": 1.0
        },
        {
            "name": "WoodenLog",
            "pos": [
                6605.97900390625,
                359.4937744140625,
                9055.595703125
            ],
            "ypr": [
                -18.359508514404298,
                0.0,
                0.0
            ],
            "scale": 1.0
        },
        {
            "name": "WoodenLog",
            "pos": [
                6606.34326171875,
                359.89404296875,
                9055.63671875
            ],
            "ypr": [
                -18.359508514404298,
                0.0,
                0.0
            ],
            "scale": 1.0
        },
        {
            "name": "WoodenLog",
            "pos": [
                6606.162109375,
                359.4939270019531,
                9055.6220703125
            ],
            "ypr": [
                -18.359508514404298,
                0.0,
                0.0
            ],
            "scale": 1.0
        },
        {
            "name": "WoodenLog",
            "pos": [
                6606.64404296875,
                359.8941955566406,
                9055.7158203125
            ],
            "ypr": [
                -18.359508514404298,
                0.0,
                0.0
            ],
            "scale": 1.0
        },
        {
            "name": "WoodenLog",
            "pos": [
                6606.78564453125,
                359.8938293457031,
                9055.806640625
            ],
            "ypr": [
                -18.359508514404298,
                0.0,
                0.0
            ],
            "scale": 1.0
        },
        {
            "name": "WoodenLog",
            "pos": [
                6606.24951171875,
                359.4938049316406,
                9055.69921875
            ],
            "ypr": [
                -18.359508514404298,
                0.0,
                0.0
            ],
            "scale": 1.0
        },
        {
            "name": "WoodenLog",
            "pos": [
                6606.43115234375,
                359.4937438964844,
                9055.724609375
            ],
            "ypr": [
                -18.359508514404298,
                0.0,
                0.0
            ],
            "scale": 1.0
        },
        {
            "name": "WoodenLog",
            "pos": [
                6606.54736328125,
                359.4942321777344,
                9055.7783203125
            ],
            "ypr": [
                -18.359508514404298,
                0.0,
                0.0
            ],
            "scale": 1.0
        },
        {
            "name": "WoodenLog",
            "pos": [
                6606.73046875,
                359.4937438964844,
                9055.8046875
            ],
            "ypr": [
                -18.359508514404298,
                0.0,
                0.0
            ],
            "scale": 1.0
        },
        {
            "name": "WoodenLog",
            "pos": [
                6606.87255859375,
                359.4940490722656,
                9055.896484375
            ],
            "ypr": [
                -18.359508514404298,
                0.0,
                0.0
            ],
            "scale": 1.0
        },
        {
            "name": "WoodenLog",
            "pos": [
                6607.05615234375,
                359.49407958984377,
                9055.9228515625
            ],
            "ypr": [
                -18.359508514404298,
                0.0,
                0.0
            ],
            "scale": 1.0
        },
        {
            "name": "WoodenLog",
            "pos": [
                6605.6923828125,
                359.4940185546875,
                9055.498046875
            ],
            "ypr": [
                -18.359508514404298,
                0.0,
                0.0
            ],
            "scale": 1.0
        },
        {
            "name": "WoodenLog",
            "pos": [
                6605.876953125,
                359.4942626953125,
                9055.5234375
            ],
            "ypr": [
                -18.359508514404298,
                0.0,
                0.0
            ],
            "scale": 1.0
        },
        {
            "name": "WoodenLog",
            "pos": [
                6605.79052734375,
                359.8937683105469,
                9055.43359375
            ],
            "ypr": [
                -18.359508514404298,
                0.0,
                0.0
            ],
            "scale": 1.0
        },
        {
            "name": "WoodenLog",
            "pos": [
                6606.25,
                360.093994140625,
                9055.572265625
            ],
            "ypr": [
                -18.359508514404298,
                0.0,
                0.0
            ],
            "scale": 1.0
        },
        {
            "name": "WoodenLog",
            "pos": [
                6606.07470703125,
                359.8941650390625,
                9055.533203125
            ],
            "ypr": [
                -18.359508514404298,
                0.0,
                0.0
            ],
            "scale": 1.0
        },
        {
            "name": "WoodenLog",
            "pos": [
                6606.1591796875,
                359.89398193359377,
                9055.6103515625
            ],
            "ypr": [
                -18.359508514404298,
                0.0,
                0.0
            ],
            "scale": 1.0
        },
        {
            "name": "WoodenLog",
            "pos": [
                6606.486328125,
                359.6937561035156,
                9055.7822265625
            ],
            "ypr": [
                -18.359508514404298,
                0.0,
                0.0
            ],
            "scale": 1.0
        },
        {
            "name": "WoodenLog",
            "pos": [
                6606.60498046875,
                359.69427490234377,
                9055.8359375
            ],
            "ypr": [
                -18.359508514404298,
                0.0,
                0.0
            ],
            "scale": 1.0
        },
        {
            "name": "WoodenLog",
            "pos": [
                6606.787109375,
                359.69390869140627,
                9055.8623046875
            ],
            "ypr": [
                -18.359508514404298,
                0.0,
                0.0
            ],
            "scale": 1.0
        },
        {
            "name": "WoodenLog",
            "pos": [
                6606.92822265625,
                359.6942443847656,
                9055.9541015625
            ],
            "ypr": [
                -18.359508514404298,
                0.0,
                0.0
            ],
            "scale": 1.0
        },
        {
            "name": "WoodenLog",
            "pos": [
                6607.11328125,
                359.6941833496094,
                9055.9794921875
            ],
            "ypr": [
                -18.359508514404298,
                0.0,
                0.0
            ],
            "scale": 1.0
        },
        {
            "name": "WoodenLog",
            "pos": [
                6605.75146484375,
                359.6942443847656,
                9055.5556640625
            ],
            "ypr": [
                -18.359508514404298,
                0.0,
                0.0
            ],
            "scale": 1.0
        },
        {
            "name": "WoodenLog",
            "pos": [
                6605.93408203125,
                359.6938171386719,
                9055.58203125
            ],
            "ypr": [
                -18.359508514404298,
                0.0,
                0.0
            ],
            "scale": 1.0
        },
        {
            "name": "WoodenLog",
            "pos": [
                6606.0361328125,
                359.6939392089844,
                9055.654296875
            ],
            "ypr": [
                -18.359508514404298,
                0.0,
                0.0
            ],
            "scale": 1.0
        },
        {
            "name": "WoodenLog",
            "pos": [
                6606.21923828125,
                359.6940002441406,
                9055.6796875
            ],
            "ypr": [
                -18.359508514404298,
                0.0,
                0.0
            ],
            "scale": 1.0
        },
        {
            "name": "WoodenLog",
            "pos": [
                6606.3046875,
                359.69378662109377,
                9055.7568359375
            ],
            "ypr": [
                -18.359508514404298,
                0.0,
                0.0
            ],
            "scale": 1.0
        },
        {
            "name": "WoodenLog",
            "pos": [
                6606.96826171875,
                359.8940124511719,
                9055.8330078125
            ],
            "ypr": [
                -18.359508514404298,
                0.0,
                0.0
            ],
            "scale": 1.0
        },
        {
            "name": "WoodenLog",
            "pos": [
                6605.60888671875,
                359.8939208984375,
                9055.4091796875
            ],
            "ypr": [
                -18.359508514404298,
                0.0,
                0.0
            ],
            "scale": 1.0
        },
        {
            "name": "WoodenLog",
            "pos": [
                6606.1630859375,
                360.09381103515627,
                9055.498046875
            ],
            "ypr": [
                -18.359508514404298,
                0.0,
                0.0
            ],
            "scale": 1.0
        },
        {
            "name": "WoodenLog",
            "pos": [
                6605.89404296875,
                359.8941955566406,
                9055.5087890625
            ],
            "ypr": [
                -18.359508514404298,
                0.0,
                0.0
            ],
            "scale": 1.0
        },
        {
            "name": "WoodenLog",
            "pos": [
                6606.46240234375,
                359.8939514160156,
                9055.689453125
            ],
            "ypr": [
                -18.359508514404298,
                0.0,
                0.0
            ],
            "scale": 1.0
        },
        {
            "name": "WoodenLog",
            "pos": [
                6606.43408203125,
                360.0940856933594,
                9055.599609375
            ],
            "ypr": [
                -18.359508514404298,
                0.0,
                0.0
            ],
            "scale": 1.0
        },
        {
            "name": "Stone",
            "pos": [
                6599.5673828125,
                359.4444885253906,
                9053.0185546875
            ],
            "ypr": [
                -18.359203338623048,
                0.0,
                0.0
            ],
            "scale": 1.0
        },
        {
            "name": "Stone",
            "pos": [
                6599.74755859375,
                359.44464111328127,
                9053.0869140625
            ],
            "ypr": [
                -18.359203338623048,
                0.0,
                0.0
            ],
            "scale": 1.0
        },
        {
            "name": "Stone",
            "pos": [
                6599.91162109375,
                359.44488525390627,
                9053.1591796875
            ],
            "ypr": [
                -18.359203338623048,
                0.0,
                0.0
            ],
            "scale": 1.0
        },
        {
            "name": "Stone",
            "pos": [
                6600.08935546875,
                359.4447021484375,
                9053.24609375
            ],
            "ypr": [
                -18.359203338623048,
                0.0,
                0.0
            ],
            "scale": 1.0
        },
        {
            "name": "Stone",
            "pos": [
                6600.25927734375,
                359.4443664550781,
                9053.2490234375
            ],
            "ypr": [
                -18.359203338623048,
                0.0,
                0.0
            ],
            "scale": 1.0
        },
        {
            "name": "Stone",
            "pos": [
                6599.49072265625,
                359.4447937011719,
                9053.16796875
            ],
            "ypr": [
                -18.359203338623048,
                0.0,
                0.0
            ],
            "scale": 1.0
        },
        {
            "name": "Stone",
            "pos": [
                6599.71630859375,
                359.4443359375,
                9053.328125
            ],
            "ypr": [
                -18.359203338623048,
                0.0,
                0.0
            ],
            "scale": 1.0
        },
        {
            "name": "Stone",
            "pos": [
                6600.06591796875,
                359.44476318359377,
                9053.3837890625
            ],
            "ypr": [
                -18.359203338623048,
                0.0,
                0.0
            ],
            "scale": 1.0
        },
        {
            "name": "Stone",
            "pos": [
                6599.89990234375,
                359.4443359375,
                9053.3525390625
            ],
            "ypr": [
                -18.359203338623048,
                0.0,
                0.0
            ],
            "scale": 1.0
        },
        {
            "name": "Stone",
            "pos": [
                6600.2431640625,
                359.4444274902344,
                9053.458984375
            ],
            "ypr": [
                -18.359203338623048,
                0.0,
                0.0
            ],
            "scale": 1.0
        },
        {
            "name": "Stone",
            "pos": [
                6600.35302734375,
                359.44476318359377,
                9053.103515625
            ],
            "ypr": [
                -18.359203338623048,
                0.0,
                0.0
            ],
            "scale": 1.0
        },
        {
            "name": "Stone",
            "pos": [
                6600.14599609375,
                359.4446716308594,
                9053.072265625
            ],
            "ypr": [
                -18.359203338623048,
                0.0,
                0.0
            ],
            "scale": 1.0
        },
        {
            "name": "Stone",
            "pos": [
                6599.98974609375,
                359.4446716308594,
                9052.9970703125
            ],
            "ypr": [
                -18.359203338623048,
                0.0,
                0.0
            ],
            "scale": 1.0
        },
        {
            "name": "Stone",
            "pos": [
                6599.81787109375,
                359.4446105957031,
                9052.939453125
            ],
            "ypr": [
                -18.359203338623048,
                0.0,
                0.0
            ],
            "scale": 1.0
        },
        {
            "name": "Stone",
            "pos": [
                6599.64892578125,
                359.44439697265627,
                9052.859375
            ],
            "ypr": [
                -18.359203338623048,
                0.0,
                0.0
            ],
            "scale": 1.0
        },
        {
            "name": "Stone",
            "pos": [
                6599.61376953125,
                359.44451904296877,
                9053.224609375
            ],
            "ypr": [
                -18.359203338623048,
                0.0,
                0.0
            ],
            "scale": 1.0
        },
        {
            "name": "Stone",
            "pos": [
                6600.15087890625,
                359.4443664550781,
                9053.591796875
            ],
            "ypr": [
                -18.359203338623048,
                0.0,
                0.0
            ],
            "scale": 1.0
        },
        {
            "name": "Stone",
            "pos": [
                6599.994140625,
                359.4444885253906,
                9053.529296875
            ],
            "ypr": [
                -18.359203338623048,
                0.0,
                0.0
            ],
            "scale": 1.0
        },
        {
            "name": "Stone",
            "pos": [
                6599.81689453125,
                359.4445495605469,
                9053.50390625
            ],
            "ypr": [
                -18.359203338623048,
                0.0,
                0.0
            ],
            "scale": 1.0
        },
        {
            "name": "Stone",
            "pos": [
                6599.6650390625,
                359.44464111328127,
                9053.4345703125
            ],
            "ypr": [
                -18.359203338623048,
                0.0,
                0.0
            ],
            "scale": 1.0
        },
        {
            "name": "Stone",
            "pos": [
                6599.55322265625,
                359.44488525390627,
                9053.3671875
            ],
            "ypr": [
                -18.359203338623048,
                0.0,
                0.0
            ],
            "scale": 1.0
        },
        {
            "name": "Stone",
            "pos": [
                6599.42236328125,
                359.4447937011719,
                9053.2861328125
            ],
            "ypr": [
                -18.359203338623048,
                0.0,
                0.0
            ],
            "scale": 1.0
        },
        {
            "name": "Stone",
            "pos": [
                6599.943359375,
                359.54437255859377,
                9053.08984375
            ],
            "ypr": [
                -18.359203338623048,
                0.0,
                0.0
            ],
            "scale": 1.0
        },
        {
            "name": "Stone",
            "pos": [
                6600.11962890625,
                359.5448303222656,
                9053.1767578125
            ],
            "ypr": [
                -18.359203338623048,
                0.0,
                0.0
            ],
            "scale": 1.0
        },
        {
            "name": "Stone",
            "pos": [
                6600.2900390625,
                359.54443359375,
                9053.1796875
            ],
            "ypr": [
                -18.359203338623048,
                0.0,
                0.0
            ],
            "scale": 1.0
        },
        {
            "name": "Stone",
            "pos": [
                6599.5205078125,
                359.5444030761719,
                9053.0986328125
            ],
            "ypr": [
                -18.359203338623048,
                0.0,
                0.0
            ],
            "scale": 1.0
        },
        {
            "name": "Stone",
            "pos": [
                6599.74658203125,
                359.54449462890627,
                9053.2587890625
            ],
            "ypr": [
                -18.359203338623048,
                0.0,
                0.0
            ],
            "scale": 1.0
        },
        {
            "name": "Stone",
            "pos": [
                6600.0966796875,
                359.5445556640625,
                9053.3154296875
            ],
            "ypr": [
                -18.359203338623048,
                0.0,
                0.0
            ],
            "scale": 1.0
        },
        {
            "name": "Stone",
            "pos": [
                6599.9296875,
                359.5445251464844,
                9053.2841796875
            ],
            "ypr": [
                -18.359203338623048,
                0.0,
                0.0
            ],
            "scale": 1.0
        },
        {
            "name": "Stone",
            "pos": [
                6600.27490234375,
                359.544677734375,
                9053.3896484375
            ],
            "ypr": [
                -18.359203338623048,
                0.0,
                0.0
            ],
            "scale": 1.0
        },
        {
            "name": "Stone",
            "pos": [
                6600.38427734375,
                359.5445251464844,
                9053.0361328125
            ],
            "ypr": [
                -18.359203338623048,
                0.0,
                0.0
            ],
            "scale": 1.0
        },
        {
            "name": "Stone",
            "pos": [
                6600.1787109375,
                359.5444030761719,
                9053.0048828125
            ],
            "ypr": [
                -18.359203338623048,
                0.0,
                0.0
            ],
            "scale": 1.0
        },
        {
            "name": "Stone",
            "pos": [
                6600.02099609375,
                359.5447692871094,
                9052.927734375
            ],
            "ypr": [
                -18.359203338623048,
                0.0,
                0.0
            ],
            "scale": 1.0
        },
        {
            "name": "Stone",
            "pos": [
                6599.84912109375,
                359.5447082519531,
                9052.87109375
            ],
            "ypr": [
                -18.359203338623048,
                0.0,
                0.0
            ],
            "scale": 1.0
        },
        {
            "name": "Stone",
            "pos": [
                6599.681640625,
                359.5446472167969,
                9052.791015625
            ],
            "ypr": [
                -18.359203338623048,
                0.0,
                0.0
            ],
            "scale": 1.0
        },
        {
            "name": "Stone",
            "pos": [
                6599.64453125,
                359.5446472167969,
                9053.15625
            ],
            "ypr": [
                -18.359203338623048,
                0.0,
                0.0
            ],
            "scale": 1.0
        },
        {
            "name": "Stone",
            "pos": [
                6600.18115234375,
                359.54449462890627,
                9053.5224609375
            ],
            "ypr": [
                -18.359203338623048,
                0.0,
                0.0
            ],
            "scale": 1.0
        },
        {
            "name": "Stone",
            "pos": [
                6600.0244140625,
                359.54461669921877,
                9053.4599609375
            ],
            "ypr": [
                -18.359203338623048,
                0.0,
                0.0
            ],
            "scale": 1.0
        },
        {
            "name": "Stone",
            "pos": [
                6599.84765625,
                359.54473876953127,
                9053.4365234375
            ],
            "ypr": [
                -18.359203338623048,
                0.0,
                0.0
            ],
            "scale": 1.0
        },
        {
            "name": "Stone",
            "pos": [
                6599.6953125,
                359.5445861816406,
                9053.3662109375
            ],
            "ypr": [
                -18.359203338623048,
                0.0,
                0.0
            ],
            "scale": 1.0
        },
        {
            "name": "Stone",
            "pos": [
                6599.5830078125,
                359.54443359375,
                9053.2978515625
            ],
            "ypr": [
                -18.359203338623048,
                0.0,
                0.0
            ],
            "scale": 1.0
        },
        {
            "name": "Stone",
            "pos": [
                6599.45361328125,
                359.5445556640625,
                9053.2177734375
            ],
            "ypr": [
                -18.359203338623048,
                0.0,
                0.0
            ],
            "scale": 1.0
        },
        {
            "name": "Stone",
            "pos": [
                6599.60009765625,
                359.54473876953127,
                9052.9501953125
            ],
            "ypr": [
                -18.359203338623048,
                0.0,
                0.0
            ],
            "scale": 1.0
        },
        {
            "name": "Stone",
            "pos": [
                6599.78076171875,
                359.54486083984377,
                9053.017578125
            ],
            "ypr": [
                -18.359203338623048,
                0.0,
                0.0
            ],
            "scale": 1.0
        },
        {
            "name": "Barrel_Green",
            "pos": [
                6605.1689453125,
                359.4963684082031,
                9054.970703125
            ],
            "ypr": [
                -18.359203338623048,
                0.0,
                0.0
            ],
            "scale": 1.0
        },
        {
            "name": "Barrel_Blue",
            "pos": [
                6604.47314453125,
                359.4964294433594,
                9054.75390625
            ],
            "ypr": [
                -18.359203338623048,
                0.0,
                0.0
            ],
            "scale": 1.0
        },
        {
            "name": "Barrel_Red",
            "pos": [
                6604.91943359375,
                359.4964599609375,
                9055.6953125
            ],
            "ypr": [
                -18.359203338623048,
                0.0,
                0.0
            ],
            "scale": 1.0
        },
        {
            "name": "Barrel_Yellow",
            "pos": [
                6604.1982421875,
                359.4967041015625,
                9055.5810546875
            ],
            "ypr": [
                -18.359203338623048,
                0.0,
                0.0
            ],
            "scale": 1.0
        },
        {
            "name": "CarTent",
            "pos": [
                6601.08740234375,
                360.2503356933594,
                9054.259765625
            ],
            "ypr": [
                -18.359203338623048,
                -0.0,
                -0.0
            ],
            "scale": 1.0
        },
        {
            "name": "Land_Roadblock_Table",
            "pos": [
                6601.18115234375,
                359.8787841796875,
                9054.4111328125
            ],
            "ypr": [
                74.982421875,
                -0.0,
                -0.0
            ],
            "scale": 1.0
        },
        {
            "name": "LargeTent",
            "pos": [
                6601.43994140625,
                360.25799560546877,
                9054.41015625
            ],
            "ypr": [
                65.00777435302735,
                0.0,
                0.0
            ],
            "scale": 1.0
        },
        {
            "name": "MediumTent_Green",
            "pos": [
                6600.76123046875,
                360.2767639160156,
                9055.185546875
            ],
            "ypr": [
                -18.359203338623048,
                -0.0,
                -0.0
            ],
            "scale": 1.0
        },
        {
            "name": "MetalPlate",
            "pos": [
                6602.92236328125,
                359.4889831542969,
                9054.4248046875
            ],
            "ypr": [
                -18.359203338623048,
                -0.0,
                -0.0
            ],
            "scale": 1.0
        },
        {
            "name": "MetalPlate",
            "pos": [
                6602.90380859375,
                359.48968505859377,
                9054.521484375
            ],
            "ypr": [
                -18.359203338623048,
                0.0,
                0.0
            ],
            "scale": 1.0
        },
        {
            "name": "MetalPlate",
            "pos": [
                6603.0986328125,
                359.4886169433594,
                9054.5673828125
            ],
            "ypr": [
                -18.359203338623048,
                -0.0,
                -0.0
            ],
            "scale": 1.0
        },
        {
            "name": "MetalPlate",
            "pos": [
                6602.69580078125,
                359.4880676269531,
                9054.5126953125
            ],
            "ypr": [
                -18.359203338623048,
                -0.0,
                -0.0
            ],
            "scale": 1.0
        },
        {
            "name": "MetalPlate",
            "pos": [
                6603.0615234375,
                359.4883728027344,
                9054.7001953125
            ],
            "ypr": [
                -18.359203338623048,
                -0.0,
                -0.0
            ],
            "scale": 1.0
        },
        {
            "name": "MetalPlate",
            "pos": [
                6602.94384765625,
                359.4883728027344,
                9054.8271484375
            ],
            "ypr": [
                -18.359203338623048,
                -0.0,
                -0.0
            ],
            "scale": 1.0
        },
        {
            "name": "MetalPlate",
            "pos": [
                6602.46142578125,
                359.488037109375,
                9054.728515625
            ],
            "ypr": [
                -18.359203338623048,
                -0.0,
                -0.0
            ],
            "scale": 1.0
        },
        {
            "name": "MetalPlate",
            "pos": [
                6602.36865234375,
                359.4886474609375,
                9054.775390625
            ],
            "ypr": [
                -18.359203338623048,
                -0.0,
                -0.0
            ],
            "scale": 1.0
        },
        {
            "name": "MetalPlate",
            "pos": [
                6602.87744140625,
                359.48822021484377,
                9055.0419921875
            ],
            "ypr": [
                -18.359203338623048,
                -0.0,
                -0.0
            ],
            "scale": 1.0
        },
        {
            "name": "Land_Roadblock_Table",
            "pos": [
                6599.99169921875,
                359.8826904296875,
                9053.15625
            ],
            "ypr": [
                -18.359203338623048,
                -0.0,
                -0.0
            ],
            "scale": 1.0
        },
        {
            "name": "CanisterGasoline",
            "pos": [
                6600.70068359375,
                360.5080261230469,
                9053.2548828125
            ],
            "ypr": [
                -18.359203338623048,
                -0.0,
                -0.0
            ],
            "scale": 1.0
        },
        {
            "name": "CanisterGasoline",
            "pos": [
                6600.66064453125,
                360.48663330078127,
                9053.5537109375
            ],
            "ypr": [
                -18.359203338623048,
                -0.0,
                -0.0
            ],
            "scale": 1.0
        },
        {
            "name": "PowerGenerator",
            "pos": [
                6599.97021484375,
                360.281494140625,
                9053.35546875
            ],
            "ypr": [
                -18.359203338623048,
                -0.0,
                -0.0
            ],
            "scale": 1.0
        },
        {
            "name": "SparkPlug",
            "pos": [
                6599.45068359375,
                360.29180908203127,
                9053.05859375
            ],
            "ypr": [
                -18.35919952392578,
                90.0,
                -0.00010427406232338399
            ],
            "scale": 1.0
        },
        {
            "name": "SparkPlug",
            "pos": [
                6599.28564453125,
                360.2872009277344,
                9053.1474609375
            ],
            "ypr": [
                161.64068603515626,
                90.0,
                179.99989318847657
            ],
            "scale": 1.0
        },
        {
            "name": "CableReel",
            "pos": [
                6599.19775390625,
                360.2763671875,
                9052.869140625
            ],
            "ypr": [
                -18.359203338623048,
                0.0,
                0.0
            ],
            "scale": 1.0
        },
        {
            "name": "Spotlight",
            "pos": [
                6598.4736328125,
                359.5292663574219,
                9052.8017578125
            ],
            "ypr": [
                -18.359220504760743,
                -0.0,
                -0.0
            ],
            "scale": 0.9999992847442627
        },
        {
            "name": "Land_Roadblock_Table",
            "pos": [
                6599.09423828125,
                359.89306640625,
                9051.1484375
            ],
            "ypr": [
                -110.04175567626953,
                -0.0,
                -0.0
            ],
            "scale": 1.0
        },
        {
            "name": "CamoNet",
            "pos": [
                6599.17626953125,
                360.32440185546877,
                9051.775390625
            ],
            "ypr": [
                -110.57576751708985,
                -0.0,
                -0.0
            ],
            "scale": 1.0
        },
        {
            "name": "CamoNet",
            "pos": [
                6598.830078125,
                360.3042297363281,
                9051.5703125
            ],
            "ypr": [
                -112.30371856689453,
                -0.0,
                -0.0
            ],
            "scale": 1.0
        },
        {
            "name": "CamoNet",
            "pos": [
                6598.9755859375,
                360.2471923828125,
                9050.861328125
            ],
            "ypr": [
                -18.359203338623048,
                -0.0,
                -0.0
            ],
            "scale": 1.0
        },
        {
            "name": "CamoNet",
            "pos": [
                6599.09326171875,
                360.3243103027344,
                9050.4580078125
            ],
            "ypr": [
                -18.359203338623048,
                -0.0,
                -0.0
            ],
            "scale": 1.0
        },
        {
            "name": "Land_Roadblock_Table",
            "pos": [
                6600.2939453125,
                359.8576354980469,
                9047.6025390625
            ],
            "ypr": [
                73.44090270996094,
                -0.0,
                -0.0
            ],
            "scale": 0.9999999403953552
        },
        {
            "name": "CamoNet",
            "pos": [
                6598.57568359375,
                360.3247375488281,
                9051.484375
            ],
            "ypr": [
                -107.5744400024414,
                -0.0,
                -0.0
            ],
            "scale": 1.0
        },
        {
            "name": "MetalWire",
            "pos": [
                6599.73046875,
                360.3205871582031,
                9048.091796875
            ],
            "ypr": [
                -18.359222412109376,
                -89.77882385253906,
                -0.00010427392408018932
            ],
            "scale": 0.999999463558197
        },
        {
            "name": "MetalWire",
            "pos": [
                6599.85498046875,
                360.31842041015627,
                9047.7138671875
            ],
            "ypr": [
                -18.359222412109376,
                -89.77882385253906,
                -0.00010427392408018932
            ],
            "scale": 0.999999463558197
        },
        {
            "name": "MetalWire",
            "pos": [
                6600.36279296875,
                360.3375244140625,
                9048.09375
            ],
            "ypr": [
                169.40682983398438,
                -81.9756088256836,
                -4.704259872436523
            ],
            "scale": 1.0
        },
        {
            "name": "CombinationLock4",
            "pos": [
                6600.61181640625,
                360.25140380859377,
                9047.0546875
            ],
            "ypr": [
                -18.359203338623048,
                -0.0,
                -0.0
            ],
            "scale": 1.0
        },
        {
            "name": "CombinationLock4",
            "pos": [
                6600.3134765625,
                360.2501525878906,
                9047.201171875
            ],
            "ypr": [
                -18.359203338623048,
                -0.0,
                -0.0
            ],
            "scale": 1.0
        },
        {
            "name": "NailBox",
            "pos": [
                6601.16650390625,
                360.3753662109375,
                9052.22265625
            ],
            "ypr": [
                -18.359203338623048,
                0.0,
                0.0
            ],
            "scale": 1.0
        },
        {
            "name": "NailBox",
            "pos": [
                6601.14697265625,
                360.3756408691406,
                9052.3896484375
            ],
            "ypr": [
                -18.359203338623048,
                0.0,
                0.0
            ],
            "scale": 1.0
        },
        {
            "name": "NailBox",
            "pos": [
                6601.064453125,
                360.3896179199219,
                9052.4990234375
            ],
            "ypr": [
                -18.359203338623048,
                0.0,
                0.0
            ],
            "scale": 1.0
        },
        {
            "name": "NailBox",
            "pos": [
                6601.11865234375,
                360.36920166015627,
                9052.6376953125
            ],
            "ypr": [
                -18.359203338623048,
                0.0,
                0.0
            ],
            "scale": 1.0
        },
        {
            "name": "SledgeHammer",
            "pos": [
                6600.47265625,
                360.0991516113281,
                9050.3896484375
            ],
            "ypr": [
                -108.35912322998047,
                -0.000005008943844586611,
                179.99989318847657
            ],
            "scale": 1.0
        },
        {
            "name": "Pickaxe",
            "pos": [
                6600.90478515625,
                360.2366943359375,
                9050.5888671875
            ],
            "ypr": [
                -108.35914611816406,
                0.0,
                179.99989318847657
            ],
            "scale": 1.0
        },
        {
            "name": "WoodAxe",
            "pos": [
                6601.2197265625,
                360.1827392578125,
                9050.904296875
            ],
            "ypr": [
                161.64068603515626,
                0.0,
                179.99989318847657
            ],
            "scale": 1.0
        },
        {
            "name": "Hammer",
            "pos": [
                6601.5380859375,
                360.40655517578127,
                9052.486328125
            ],
            "ypr": [
                161.64068603515626,
                90.0,
                179.99989318847657
            ],
            "scale": 1.0
        },
        {
            "name": "Hammer",
            "pos": [
                6601.75927734375,
                360.4064025878906,
                9052.453125
            ],
            "ypr": [
                -18.359222412109376,
                -89.77882385253906,
                -0.00010427392408018932
            ],
            "scale": 0.999999463558197
        },
        {
            "name": "Hatchet",
            "pos": [
                6602.07568359375,
                360.37457275390627,
                9052.76953125
            ],
            "ypr": [
                -18.35919952392578,
                90.0,
                -0.00010427406232338399
            ],
            "scale": 1.0
        },
        {
            "name": "Hacksaw",
            "pos": [
                6603.181640625,
                360.4325256347656,
                9052.92578125
            ],
            "ypr": [
                -18.35919952392578,
                90.0,
                -0.00010427406232338399
            ],
            "scale": 1.0
        },
        {
            "name": "HandSaw",
            "pos": [
                6603.21484375,
                360.4413146972656,
                9053.1484375
            ],
            "ypr": [
                -18.35918426513672,
                -89.49992370605469,
                0.0
            ],
            "scale": 1.0
        },
        {
            "name": "Whetstone",
            "pos": [
                6604.31787109375,
                360.4338073730469,
                9053.5419921875
            ],
            "ypr": [
                -18.359203338623048,
                0.0,
                0.0
            ],
            "scale": 1.0
        },
        {
            "name": "Whetstone",
            "pos": [
                6604.17529296875,
                360.4342346191406,
                9053.5400390625
            ],
            "ypr": [
                -18.359203338623048,
                0.0,
                0.0
            ],
            "scale": 1.0
        },
        {
            "name": "Whetstone",
            "pos": [
                6604.04052734375,
                360.43408203125,
                9053.498046875
            ],
            "ypr": [
                -18.359203338623048,
                0.0,
                0.0
            ],
            "scale": 1.0
        },
        {
            "name": "DuctTape",
            "pos": [
                6604.32177734375,
                360.4384460449219,
                9053.3046875
            ],
            "ypr": [
                -18.35919952392578,
                90.0,
                -0.00010427406232338399
            ],
            "scale": 1.0
        },
        {
            "name": "DuctTape",
            "pos": [
                6603.97314453125,
                360.4386291503906,
                9053.0830078125
            ],
            "ypr": [
                -18.35919952392578,
                90.0,
                -0.00010427406232338399
            ],
            "scale": 1.0
        },
        {
            "name": "LargeGasCanister",
            "pos": [
                6608.41650390625,
                360.55291748046877,
                9049.5849609375
            ],
            "ypr": [
                -18.359203338623048,
                -0.0,
                -0.0
            ],
            "scale": 1.0
        },
        {
            "name": "LargeGasCanister",
            "pos": [
                6608.33447265625,
                360.5564880371094,
                9049.8583984375
            ],
            "ypr": [
                -18.359203338623048,
                -0.0,
                -0.0
            ],
            "scale": 1.0
        },
        {
            "name": "PortableGasLamp",
            "pos": [
                6608.1953125,
                360.40496826171877,
                9049.5693359375
            ],
            "ypr": [
                -18.359203338623048,
                -0.0,
                -0.0
            ],
            "scale": 1.0
        },
        {
            "name": "PortableGasStove",
            "pos": [
                6608.048828125,
                360.5588073730469,
                9049.37890625
            ],
            "ypr": [
                -18.359203338623048,
                0.0,
                0.0
            ],
            "scale": 1.0
        },
        {
            "name": "Pot",
            "pos": [
                6607.46435546875,
                360.3716735839844,
                9049.498046875
            ],
            "ypr": [
                -18.359203338623048,
                -0.0,
                -0.0
            ],
            "scale": 1.0
        },
        {
            "name": "Battery9V",
            "pos": [
                6605.9453125,
                360.5054626464844,
                9049.048828125
            ],
            "ypr": [
                0.0,
                -0.0,
                -0.0
            ],
            "scale": 1.0
        },
        {
            "name": "Battery9V",
            "pos": [
                6606.51806640625,
                360.4752197265625,
                9048.66796875
            ],
            "ypr": [
                0.0,
                -0.0,
                -0.0
            ],
            "scale": 1.0
        },
        {
            "name": "ACOGOptic_6x",
            "pos": [
                6605.978515625,
                360.5450439453125,
                9049.2001953125
            ],
            "ypr": [
                0.0,
                -0.0,
                -0.0
            ],
            "scale": 1.0
        },
        {
            "name": "DisinfectantAlcohol",
            "pos": [
                6604.62060546875,
                360.4273986816406,
                9048.3720703125
            ],
            "ypr": [
                0.0,
                -0.0,
                -0.0
            ],
            "scale": 1.0
        },
        {
            "name": "DisinfectantSpray",
            "pos": [
                6604.70166015625,
                360.500732421875,
                9048.5615234375
            ],
            "ypr": [
                0.0,
                -0.0,
                -0.0
            ],
            "scale": 1.0
        },
        {
            "name": "IodineTincture",
            "pos": [
                6604.9384765625,
                360.3976135253906,
                9048.3505859375
            ],
            "ypr": [
                0.0,
                -0.0,
                -0.0
            ],
            "scale": 1.0
        },
        {
            "name": "SodaCan_Pipsi",
            "pos": [
                6607.44482421875,
                360.44451904296877,
                9049.2861328125
            ],
            "ypr": [
                0.0,
                -0.0,
                -0.0
            ],
            "scale": 1.0
        },
        {
            "name": "SodaCan_Pipsi",
            "pos": [
                6607.94091796875,
                360.40240478515627,
                9049.2080078125
            ],
            "ypr": [
                0.0,
                -0.0,
                -0.0
            ],
            "scale": 1.0
        },
        {
            "name": "SodaCan_Pipsi",
            "pos": [
                6607.92822265625,
                360.4061279296875,
                9049.296875
            ],
            "ypr": [
                0.0,
                -0.0,
                -0.0
            ],
            "scale": 1.0
        },
        {
            "name": "TacticalBaconCan",
            "pos": [
                6607.37109375,
                360.3429260253906,
                9049.3291015625
            ],
            "ypr": [
                0.0,
                -0.0,
                -0.0
            ],
            "scale": 1.0
        },
        {
            "name": "M16A2",
            "pos": [
                6606.009765625,
                360.0069885253906,
                9049.4404296875
            ],
            "ypr": [
                -13.499996185302735,
                0.0,
                90.0
            ],
            "scale": 0.9999997615814209
        },
        {
            "name": "Mag_STANAG_60Rnd",
            "pos": [
                6605.8095703125,
                359.7433166503906,
                9049.396484375
            ],
            "ypr": [
                0.0,
                -0.0,
                -0.0
            ],
            "scale": 1.0
        },
        {
            "name": "Mag_STANAG_60Rnd",
            "pos": [
                6605.68212890625,
                359.7466735839844,
                9049.3408203125
            ],
            "ypr": [
                0.0,
                -0.0,
                -0.0
            ],
            "scale": 1.0
        },
        {
            "name": "Mag_STANAG_60Rnd",
            "pos": [
                6605.5400390625,
                359.75152587890627,
                9049.30078125
            ],
            "ypr": [
                0.0,
                -0.0,
                -0.0
            ],
            "scale": 1.0
        },
        {
            "name": "NVGoggles",
            "pos": [
                6601.5322265625,
                360.4699401855469,
                9047.451171875
            ],
            "ypr": [
                0.0,
                -0.0,
                -0.0
            ],
            "scale": 1.0
        },
        {
            "name": "NVGHeadstrap",
            "pos": [
                6601.66015625,
                360.3290710449219,
                9047.1845703125
            ],
            "ypr": [
                0.0,
                -0.0,
                -0.0
            ],
            "scale": 1.0
        },
        {
            "name": "Battery9V",
            "pos": [
                6601.40087890625,
                360.37115478515627,
                9047.3203125
            ],
            "ypr": [
                0.0,
                -0.0,
                -0.0
            ],
            "scale": 1.0
        },
        {
            "name": "Battery9V",
            "pos": [
                6601.5078125,
                360.3954772949219,
                9047.27734375
            ],
            "ypr": [
                0.0,
                -0.0,
                -0.0
            ],
            "scale": 1.0
        },
        {
            "name": "Headtorch_Black",
            "pos": [
                6601.5556640625,
                360.40679931640627,
                9047.6259765625
            ],
            "ypr": [
                0.0,
                -0.0,
                -0.0
            ],
            "scale": 1.0
        },
        {
            "name": "Flashlight",
            "pos": [
                6601.7587890625,
                360.38983154296877,
                9047.1845703125
            ],
            "ypr": [
                0.0,
                -0.0,
                -0.0
            ],
            "scale": 1.0
        },
        {
            "name": "HunterPants_Autumn",
            "pos": [
                6602.14453125,
                360.31463623046877,
                9047.6318359375
            ],
            "ypr": [
                0.0,
                -0.0,
                -0.0
            ],
            "scale": 1.0
        },
        {
            "name": "HunterPants_Winter",
            "pos": [
                6602.48388671875,
                360.3302307128906,
                9047.4326171875
            ],
            "ypr": [
                0.0,
                -0.0,
                -0.0
            ],
            "scale": 1.0
        },
        {
            "name": "HuntingJacket_Winter",
            "pos": [
                6602.8212890625,
                360.3575134277344,
                9047.5
            ],
            "ypr": [
                0.0,
                -0.0,
                -0.0
            ],
            "scale": 1.0
        },
        {
            "name": "HuntingJacket_Autumn",
            "pos": [
                6602.22900390625,
                360.3504943847656,
                9047.830078125
            ],
            "ypr": [
                0.0,
                -0.0,
                -0.0
            ],
            "scale": 1.0
        },
        {
            "name": "HuntingVest",
            "pos": [
                6602.66455078125,
                360.3668518066406,
                9047.7998046875
            ],
            "ypr": [
                0.0,
                -0.0,
                -0.0
            ],
            "scale": 1.0
        },
        {
            "name": "HuntingBag",
            "pos": [
                6602.91064453125,
                359.4801940917969,
                9047.6923828125
            ],
            "ypr": [
                165.4033966064453,
                -0.0,
                -0.0
            ],
            "scale": 1.0
        },
        {
            "name": "CowboyHat_black",
            "pos": [
                6602.42236328125,
                359.5383605957031,
                9047.5185546875
            ],
            "ypr": [
                0.0,
                -89.90512084960938,
                0.0
            ],
            "scale": 0.9999998807907105
        },
        {
            "name": "HikingBootsLow_Black",
            "pos": [
                6602.1279296875,
                359.5336608886719,
                9047.416015625
            ],
            "ypr": [
                0.0,
                -0.0,
                -0.0
            ],
            "scale": 1.0
        },
        {
            "name": "Heatpack",
            "pos": [
                6601.7861328125,
                360.4024353027344,
                9047.435546875
            ],
            "ypr": [
                0.0,
                -0.0,
                -0.0
            ],
            "scale": 1.0
        },
        {
            "name": "Heatpack",
            "pos": [
                6601.7763671875,
                360.4208984375,
                9047.5927734375
            ],
            "ypr": [
                0.0,
                -0.0,
                -0.0
            ],
            "scale": 1.0
        },
        {
            "name": "Heatpack",
            "pos": [
                6601.78466796875,
                360.4139709472656,
                9047.6572265625
            ],
            "ypr": [
                0.0,
                -0.0,
                -0.0
            ],
            "scale": 1.0
        },
        {
            "name": "FireworksLauncher",
            "pos": [
                6601.42236328125,
                359.6029052734375,
                9052.421875
            ],
            "ypr": [
                0.0,
                -0.0,
                -0.0
            ],
            "scale": 1.0
        },
        {
            "name": "FireworksLauncher",
            "pos": [
                6602.00732421875,
                359.570556640625,
                9052.6416015625
            ],
            "ypr": [
                0.0,
                -0.0,
                -0.0
            ],
            "scale": 1.0
        },
        {
            "name": "FireworksLauncher",
            "pos": [
                6603.69091796875,
                359.4893798828125,
                9053.16015625
            ],
            "ypr": [
                0.0,
                -0.0,
                -0.0
            ],
            "scale": 1.0
        },
        {
            "name": "UKAssVest_Camo",
            "pos": [
                6603.447265625,
                360.3406066894531,
                9047.869140625
            ],
            "ypr": [
                0.0,
                -0.0,
                -0.0
            ],
            "scale": 1.0
        },
        {
            "name": "PlateCarrierVest_Camo",
            "pos": [
                6603.9208984375,
                360.352294921875,
                9048.005859375
            ],
            "ypr": [
                0.0,
                -0.0,
                -0.0
            ],
            "scale": 1.0
        },
        {
            "name": "GorkaEJacket_Autumn",
            "pos": [
                6604.330078125,
                360.3333740234375,
                9048.373046875
            ],
            "ypr": [
                53.99998474121094,
                -0.0,
                -0.0
            ],
            "scale": 1.0
        },
        {
            "name": "USMCPants_Woodland",
            "pos": [
                6603.82080078125,
                360.33404541015627,
                9048.34765625
            ],
            "ypr": [
                0.0,
                -0.0,
                -0.0
            ],
            "scale": 1.0
        },
        {
            "name": "BallisticHelmet_Green",
            "pos": [
                6603.40576171875,
                360.3541564941406,
                9048.2177734375
            ],
            "ypr": [
                0.0,
                -0.0,
                -0.0
            ],
            "scale": 1.0
        },
        {
            "name": "PoliceVest",
            "pos": [
                6604.9453125,
                359.5251770019531,
                9048.548828125
            ],
            "ypr": [
                0.0,
                -0.0,
                -0.0
            ],
            "scale": 1.0
        },
        {
            "name": "PolicePantsOrel",
            "pos": [
                6604.39208984375,
                359.5205993652344,
                9048.24609375
            ],
            "ypr": [
                0.0,
                -0.0,
                -0.0
            ],
            "scale": 1.0
        },
        {
            "name": "PoliceJacketOrel",
            "pos": [
                6603.9306640625,
                359.52655029296877,
                9047.9541015625
            ],
            "ypr": [
                0.0,
                -0.0,
                -0.0
            ],
            "scale": 1.0
        },
        {
            "name": "PoliceCap",
            "pos": [
                6604.2294921875,
                359.571044921875,
                9048.5068359375
            ],
            "ypr": [
                0.0,
                -89.93147277832031,
                0.0
            ],
            "scale": 0.9999998807907105
        },
        {
            "name": "BallisticHelmet_UN",
            "pos": [
                6603.91259765625,
                359.5169982910156,
                9048.341796875
            ],
            "ypr": [
                0.0,
                -0.0,
                -0.0
            ],
            "scale": 1.0
        },
        {
            "name": "PressVest_Blue",
            "pos": [
                6603.5400390625,
                359.4974365234375,
                9047.962890625
            ],
            "ypr": [
                0.0,
                -0.0,
                -0.0
            ],
            "scale": 1.0
        },
        {
            "name": "MilitaryBoots_Black",
            "pos": [
                6603.37255859375,
                359.5317687988281,
                9048.32421875
            ],
            "ypr": [
                0.0,
                -0.0,
                -0.0
            ],
            "scale": 1.0
        },
        {
            "name": "AssaultBag_Ttsko",
            "pos": [
                6600.98193359375,
                359.4491882324219,
                9048.4765625
            ],
            "ypr": [
                0.0,
                -0.0,
                -0.0
            ],
            "scale": 1.0
        },
        {
            "name": "MountainBag_Green",
            "pos": [
                6601.2255859375,
                360.0021057128906,
                9047.953125
            ],
            "ypr": [
                0.0,
                -0.0,
                -0.0
            ],
            "scale": 1.0
        },
        {
            "name": "AliceBag_Camo",
            "pos": [
                6605.09814453125,
                359.5455017089844,
                9049.37890625
            ],
            "ypr": [
                165.35931396484376,
                -0.0,
                -0.0
            ],
            "scale": 1.0
        },
        {
            "name": "OrienteeringCompass",
            "pos": [
                6601.81103515625,
                360.3147888183594,
                9047.7841796875
            ],
            "ypr": [
                0.0,
                -0.0,
                -0.0
            ],
            "scale": 1.0
        },
        {
            "name": "Compass",
            "pos": [
                6601.56103515625,
                360.302978515625,
                9047.423828125
            ],
            "ypr": [
                0.0,
                -0.0,
                -0.0
            ],
            "scale": 1.0
        },
        {
            "name": "Land_Misc_Well_Pump_Blue",
            "pos": [
                6609.080078125,
                359.7489929199219,
                9055.9296875
            ],
            "ypr": [
                0.0,
                0.0,
                0.0
            ],
            "scale": 1.0
        },
        {
            "name": "Truck_01_Covered",
            "pos": [
                6619.55615234375,
                359.83221435546877,
                9054.7080078125
            ],
            "ypr": [
                160.39910888671876,
                1.0316218137741089,
                -1.374010443687439
            ],
            "scale": 0.9976625442504883
        },
        {
            "name": "Truck_01_Wheel",
            "pos": [
                6618.5771484375,
                359.5877380371094,
                9052.0302734375
            ],
            "ypr": [
                0.0,
                -0.0,
                -0.0
            ],
            "scale": 1.0
        },
        {
            "name": "Truck_01_Wheel",
            "pos": [
                6621.712890625,
                359.53955078125,
                9053.0478515625
            ],
            "ypr": [
                0.0,
                -0.0,
                -0.0
            ],
            "scale": 1.0
        },
        {
            "name": "Truck_01_WheelDouble",
            "pos": [
                6617.16455078125,
                359.3817138671875,
                9056.4599609375
            ],
            "ypr": [
                0.0,
                -0.0,
                -0.0
            ],
            "scale": 1.0
        },
        {
            "name": "Truck_01_WheelDouble",
            "pos": [
                6617.39794921875,
                359.4430847167969,
                9054.87890625
            ],
            "ypr": [
                0.0,
                -0.0,
                -0.0
            ],
            "scale": 1.0
        },
        {
            "name": "Truck_01_WheelDouble",
            "pos": [
                6620.759765625,
                359.3800048828125,
                9056.2529296875
            ],
            "ypr": [
                0.0,
                -0.0,
                -0.0
            ],
            "scale": 1.0
        },
        {
            "name": "Truck_01_WheelDouble",
            "pos": [
                6620.34375,
                359.327880859375,
                9057.93359375
            ],
            "ypr": [
                0.0,
                -0.0,
                -0.0
            ],
            "scale": 1.0
        },
        {
            "name": "Truck_01_Door_1_1_Blue",
            "pos": [
                6616.9501953125,
                359.1499328613281,
                9052.51953125
            ],
            "ypr": [
                0.0,
                0.0,
                90.0
            ],
            "scale": 1.0
        },
        {
            "name": "Truck_01_Door_2_1_Blue",
            "pos": [
                6616.89990234375,
                359.2925720214844,
                9053.51953125
            ],
            "ypr": [
                0.0,
                0.0,
                90.0
            ],
            "scale": 1.0
        },
        {
            "name": "Truck_01_Hood_Blue",
            "pos": [
                6616.15625,
                359.8365783691406,
                9053.99609375
            ],
            "ypr": [
                0.0,
                -0.0,
                -0.0
            ],
            "scale": 1.0
        },
        {
            "name": "TruckBattery",
            "pos": [
                6621.43994140625,
                358.93670654296877,
                9054.427734375
            ],
            "ypr": [
                0.0,
                -0.0,
                -0.0
            ],
            "scale": 1.0
        },
        {
            "name": "CanisterGasoline",
            "pos": [
                6616.13720703125,
                359.2696838378906,
                9053.306640625
            ],
            "ypr": [
                0.0,
                -0.0,
                -0.0
            ],
            "scale": 1.0
        },
        {
            "name": "CanisterGasoline",
            "pos": [
                6616.138671875,
                359.28338623046877,
                9052.9638671875
            ],
            "ypr": [
                0.0,
                -0.0,
                -0.0
            ],
            "scale": 1.0
        },
        {
            "name": "CanisterGasoline",
            "pos": [
                6616.18115234375,
                359.29620361328127,
                9052.6328125
            ],
            "ypr": [
                0.0,
                -0.0,
                -0.0
            ],
            "scale": 1.0
        },
        {
            "name": "HeadlightH7_Box",
            "pos": [
                6621.42822265625,
                359.01953125,
                9054.2001953125
            ],
            "ypr": [
                0.0,
                -0.0,
                -0.0
            ],
            "scale": 1.0
        },
        {
            "name": "HeadlightH7_Box",
            "pos": [
                6621.55810546875,
                359.0200500488281,
                9054.1875
            ],
            "ypr": [
                0.0,
                -0.0,
                -0.0
            ],
            "scale": 1.0
        },
        {
            "name": "HeadlightH7_Box",
            "pos": [
                6621.4619140625,
                359.022216796875,
                9054.11328125
            ],
            "ypr": [
                0.0,
                -0.0,
                -0.0
            ],
            "scale": 1.0
        },
        {
            "name": "HeadlightH7_Box",
            "pos": [
                6621.6103515625,
                359.02325439453127,
                9054.087890625
            ],
            "ypr": [
                0.0,
                -0.0,
                -0.0
            ],
            "scale": 1.0
        },
        {
            "name": "TacticalGloves_Green",
            "pos": [
                6602.982421875,
                360.3440246582031,
                9047.9736328125
            ],
            "ypr": [
                0.0,
                -0.0,
                -0.0
            ],
            "scale": 1.0
        },
        {
            "name": "WorkingGloves_Black",
            "pos": [
                6602.99951171875,
                360.357666015625,
                9047.69921875
            ],
            "ypr": [
                0.0,
                -0.0,
                -0.0
            ],
            "scale": 1.0
        },
        {
            "name": "NBCJacketYellow",
            "pos": [
                6602.4912109375,
                359.6568908691406,
                9048.0947265625
            ],
            "ypr": [
                0.0,
                -0.0,
                -0.0
            ],
            "scale": 1.0
        },
        {
            "name": "NBCBootsYellow",
            "pos": [
                6602.18115234375,
                359.5100402832031,
                9047.8759765625
            ],
            "ypr": [
                0.0,
                -0.0,
                -0.0
            ],
            "scale": 1.0
        },
        {
            "name": "NBCPantsYellow",
            "pos": [
                6601.77978515625,
                359.50726318359377,
                9047.8349609375
            ],
            "ypr": [
                0.0,
                -0.0,
                -0.0
            ],
            "scale": 1.0
        },
        {
            "name": "NBCGlovesYellow",
            "pos": [
                6601.50048828125,
                359.5337829589844,
                9047.44921875
            ],
            "ypr": [
                0.0,
                -0.0,
                -0.0
            ],
            "scale": 1.0
        },
        {
            "name": "NBCHoodYellow",
            "pos": [
                6601.798828125,
                359.52838134765627,
                9047.423828125
            ],
            "ypr": [
                0.0,
                -0.0,
                -0.0
            ],
            "scale": 1.0
        },
        {
            "name": "AntiChemInjector",
            "pos": [
                6602.0849609375,
                359.62530517578127,
                9048.1728515625
            ],
            "ypr": [
                0.0,
                -0.0,
                -0.0
            ],
            "scale": 1.0
        },
        {
            "name": "AntiChemInjector",
            "pos": [
                6601.93212890625,
                359.62109375,
                9048.130859375
            ],
            "ypr": [
                0.0,
                -0.0,
                -0.0
            ],
            "scale": 1.0
        },
        {
            "name": "GasMask_Filter",
            "pos": [
                6602.873046875,
                359.53936767578127,
                9048.3017578125
            ],
            "ypr": [
                0.0,
                -0.0,
                -0.0
            ],
            "scale": 1.0
        },
        {
            "name": "GasMask_Filter",
            "pos": [
                6602.69873046875,
                359.5071716308594,
                9048.2197265625
            ],
            "ypr": [
                0.0,
                -0.0,
                -0.0
            ],
            "scale": 1.0
        },
        {
            "name": "GasMask_Filter",
            "pos": [
                6602.9873046875,
                359.5444030761719,
                9048.232421875
            ],
            "ypr": [
                0.0,
                -0.0,
                -0.0
            ],
            "scale": 1.0
        },
        {
            "name": "AirborneMask",
            "pos": [
                6602.7939453125,
                359.5240478515625,
                9048.0029296875
            ],
            "ypr": [
                0.0,
                -0.0,
                -0.0
            ],
            "scale": 1.0
        },
        {
            "name": "SewingKit",
            "pos": [
                6603.671875,
                360.44146728515627,
                9052.8662109375
            ],
            "ypr": [
                0.0,
                -0.0,
                -0.0
            ],
            "scale": 1.0
        },
        {
            "name": "LeatherSewingKit",
            "pos": [
                6604.6962890625,
                360.451904296875,
                9053.2861328125
            ],
            "ypr": [
                0.0,
                -0.0,
                -0.0
            ],
            "scale": 1.0
        },
        {
            "name": "StaticObj_Sidewalk1_5m",
            "pos": [
                6602.53564453125,
                359.2799377441406,
                9046.9462890625
            ],
            "ypr": [
                -110.25149536132813,
                -0.0,
                -0.0
            ],
            "scale": 0.9999997615814209
        },
        {
            "name": "StaticObj_Sidewalk1_5m",
            "pos": [
                6601.462890625,
                359.3387451171875,
                9049.7841796875
            ],
            "ypr": [
                -110.25149536132813,
                -0.0,
                -0.0
            ],
            "scale": 0.9999997615814209
        },
        {
            "name": "StaticObj_Sidewalk1_5m",
            "pos": [
                6600.3896484375,
                359.3655700683594,
                9052.5888671875
            ],
            "ypr": [
                -110.25149536132813,
                -0.0,
                -0.0
            ],
            "scale": 0.9999997615814209
        },
        {
            "name": "StaticObj_Sidewalk1_5m",
            "pos": [
                6607.22998046875,
                359.29931640625,
                9048.6796875
            ],
            "ypr": [
                -110.2509994506836,
                0.0,
                0.0
            ],
            "scale": 1.0
        },
        {
            "name": "StaticObj_Sidewalk1_5m",
            "pos": [
                6605.05078125,
                359.3731994628906,
                9054.33203125
            ],
            "ypr": [
                -110.25149536132813,
                -0.0,
                -0.0
            ],
            "scale": 0.9999997615814209
        },
        {
            "name": "StaticObj_Sidewalk1_5m",
            "pos": [
                6610.52392578125,
                359.2891540527344,
                9050.9326171875
            ],
            "ypr": [
                162.0070037841797,
                0.0,
                0.0
            ],
            "scale": 0.9999989867210388
        },
        {
            "name": "StaticObj_Sidewalk1_5m",
            "pos": [
                6609.26611328125,
                359.281494140625,
                9054.810546875
            ],
            "ypr": [
                162.0070037841797,
                0.0,
                0.0
            ],
            "scale": 0.9999990463256836
        },
        {
            "name": "StaticObj_Sidewalk1_5m",
            "pos": [
                6609.25,
                359.0400085449219,
                9054.73046875
            ],
            "ypr": [
                162.0070037841797,
                0.0,
                0.0
            ],
            "scale": 0.9999994039535523
        },
        {
            "name": "StaticObj_Sidewalk1_5m",
            "pos": [
                6605.1298828125,
                359.18499755859377,
                9054.3896484375
            ],
            "ypr": [
                -111.14299774169922,
                0.0,
                0.0
            ],
            "scale": 0.9999992847442627
        }
    ]
}